solver,folder,avg_time,min_time,max_time,avg_mem,min_mem,max_mem,inconclusive,failed
cdcl-jeroslow,uf125-538,0.018117,0.017349,0.020661,23.76,20.00,112.00,0,0
cdcl-jeroslow,uf150-645,0.025895,0.024442,0.032363,22.60,20.00,100.00,0,0
cdcl-jeroslow,uf75-325,0.007122,0.006556,0.014967,22.64,20.00,100.00,0,0
cdcl-vsids,uf125-538,0.017350,0.016778,0.027463,21.72,20.00,24.00,0,0
cdcl-vsids,uf150-645,0.024591,0.023519,0.034878,23.08,20.00,100.00,0,0
cdcl-vsids,uf75-325,0.006618,0.006111,0.008929,22.04,20.00,24.00,0,0
