solver,folder,avg_time,min_time,max_time,avg_mem,min_mem,max_mem,inconclusive,failed
dp,uf20-91,0.001270,0.000348,0.004290,21.98,20.00,104.00,0,0
dp,uf50-218,0.070890,0.001954,0.396059,85.25,20.00,1255.53,0,0
dp,uf75-325,1.089085,0.007940,5.688865,833.94,20.00,2493.52,0,0
dp,uf100-430,14.297583,0.015294,119.985154,1002.67,14.40,6528.80,0,0
dp,uf125-538,49.554079,1.928601,159.390941,3084.49,722.10,5298.31,84,0
dp,uf150-645,-,-,-,-,-,-,100,0
dp,uuf100-430,40.344997,5.383763,177.998929,1427.41,127.23,3947.53,8,0